Study,Measure,Parameter,num_df,den_df,mse,f,ges,p_value
Arabic,Accuracy,Stroop,1,44,0.0072603870032101865,0.3207717426861725,0.0015023863094263106,0.574021901594127
Arabic,Accuracy,Language,1,44,0.010675610617019004,0.7751807709732657,0.00531812611138472,0.3834029647776127
Arabic,Accuracy,Stroop × Language,1,44,0.005744798437585136,2.8914440987625594,0.010617748234626655,0.09611008774088743
Chinese,Accuracy,Stroop,1,45,0.00893430523747778,10.583246800055214,0.045169790486508286,0.002167829870954367
Chinese,Accuracy,Language,1,45,0.011322098105965394,7.970370381074356,0.04319857737726543,0.007057839244379694
Chinese,Accuracy,Stroop × Language,1,45,0.006505014577272483,2.012081554564456,0.006505810373834847,0.16293993423280617
Dutch,Accuracy,Stroop,1,45,0.005785420865986181,0.37081328194284485,0.0017821282487023116,0.5456233543208426
Dutch,Accuracy,Language,1,45,0.004356150201543406,1.3733796779011516,0.004954045321217573,0.24739941419207814
Dutch,Accuracy,Stroop × Language,1,45,0.0072568565036401165,2.894582640649799,0.017180337820255624,0.09577877600855488
