Study,Measure,Parameter,num_df,den_df,mse,f,ges,p_value
Arabic,Accuracy,Stroop,1,44,0.004328985408499857,2.408704132895266,0.009613977281873489,0.1278261429652149
Arabic,Accuracy,Language,1,44,0.0023422647184305075,11.634846521442492,0.02474257581862736,0.001397614839843083
Arabic,Accuracy,Stroop × Language,1,44,0.0019328837279964318,0.006981143974497293,1.2561915806210527e-5,0.9337906288629213
Chinese,Accuracy,Stroop,1,45,0.00963746945700207,59.90320188478974,0.19133686555423257,8.268571435930521e-10
Chinese,Accuracy,Language,1,45,0.008677941710914447,5.16822800982056,0.01804953155144955,0.027826055956860277
Chinese,Accuracy,Stroop × Language,1,45,0.004930650132146328,4.375942237871455,0.008765368801613051,0.04212298746130713
Dutch,Accuracy,Stroop,1,45,0.0038992123112623596,20.95601690844269,0.043649929353783604,3.6975639615809547e-5
Dutch,Accuracy,Language,1,45,0.001729514873284732,5.26979711305574,0.005065168057855995,0.0264120629099333
Dutch,Accuracy,Stroop × Language,1,45,0.0015568962405097296,0.3350259260855044,2.91267883108767e-4,0.5656005964948907
