beta_st,power,power_group,diff_in_diff
0,0.022045014549672476,low,15.320370337191022
0.00848034803480348,0.8001295905917477,medium,50.853340502404464
0.009755475547554756,0.9000696195405887,high,56.11431288951287
-0.004281278238409697,NA,observed,-2.7338605161532135
