beta_st,power,power_group
0,0.022045014549672476,low
0.00848034803480348,0.8001295905917477,medium
0.009755475547554756,0.9000696195405887,high
