beta_st,power,power_group
0,0.2577486132078416,low
0.004383438343834384,0.8000901122251964,medium
0.005717071707170718,0.9000730041347847,high
