language,contrast,estimate,SE,df,z.ratio,p.value
Other,(Switch - Repetition Incongruent) - (Switch - Repetition Neutral),-0.09723052677947647,0.12383114837756869,Inf,-0.7851863449009993,0.43234432040528104
English,(Switch - Repetition Incongruent) - (Switch - Repetition Neutral),0.38920418468400025,0.1361772544311379,Inf,2.8580704340812875,0.008524515421836337
