trial_type,stroop,language,emmean,SE,df,asymp.LCL,asymp.UCL
Switch,Incongruent,Other,1.8607245593204171,0.14444976168410334,Inf,1.5776082288441808,2.1438408897966537
Repetition,Incongruent,Other,2.6344583957741663,0.15037756458017648,Inf,2.3397237851141743,2.9291930064341583
Switch,Neutral,Other,2.5322602053486194,0.1389960132591882,Inf,2.2598330253659586,2.80468738533128
Repetition,Neutral,Other,3.2087635150228917,0.14721700247603992,Inf,2.9202234922579096,3.497303537787874
Switch,Incongruent,English,2.3254997864870144,0.14775943688688864,Inf,2.0358966118127935,2.6151029611612353
Repetition,Incongruent,English,2.6731690173715523,0.1500356645059027,Inf,2.3791045185434485,2.967233516199656
Switch,Neutral,English,2.7807363305927324,0.14168149441499592,Inf,2.5030457042635277,3.058426956921937
Repetition,Neutral,English,3.517609746161271,0.1527847900955745,Inf,3.2181570601884335,3.817062432134109
