trial_type,stroop,emmean,SE,df,asymp.LCL,asymp.UCL
Switch,Incongruent,2.093112172903716,0.13500159509369786,Inf,1.828513908664609,2.357710437142823
Repetition,Incongruent,2.6538137065728593,0.13742977047859636,Inf,2.3844563060312045,2.923171107114514
Switch,Neutral,2.656498267970676,0.12942506824211344,Inf,2.402829795519495,2.910166740421857
Repetition,Neutral,3.3631866305920814,0.1350371650624834,Inf,3.0985186504952233,3.6278546106889396
