language,contrast,odds.ratio,SE,df,null,z.ratio,p.value
Other,(Switch / Repetition Incongruent) / (Switch / Repetition Neutral),0.9073468142830724,0.1123577979894014,Inf,1,-0.7851863449009993,0.43234432040528104
English,(Switch / Repetition Incongruent) / (Switch / Repetition Neutral),1.4758058575236177,0.20097118975095735,Inf,1,2.8580704340812875,0.008524515421836337
