stroop,emmean,SE,df,asymp.LCL,asymp.UCL
Incongruent,7.0899920568062145,0.04832302610479985,Inf,6.995280666016818,7.184703447595611
Neutral,6.9648802527502545,0.04803203511609532,Inf,6.870739193818545,7.059021311681964
