stroop,response,SE,df,asymp.LCL,asymp.UCL
Incongruent,1199.8982695485097,57.9827154024968,Inf,1091.4699732772924,1319.0979985848244
Neutral,1058.7881228688866,50.85574829814301,Inf,963.6606345854328,1163.3060943809219
