trial_type,emmean,SE,df,asymp.LCL,asymp.UCL
Switch,7.055353264322733,0.04801303661320713,Inf,6.961249441772444,7.149457086873022
Repetition,6.999519045233736,0.04783349536578725,Inf,6.90576711706213,7.0932709734053425
