trial_type,response,SE,df,asymp.LCL,asymp.UCL
Switch,1159.0468488661072,55.64935879103076,Inf,1054.950833780386,1273.4144140655874
Repetition,1096.1058542989513,52.430574302021164,Inf,998.0138131647565,1203.839093187073
